{"3ddfcedc-126f-80b8-8004-b4d78ed34f72":{"textTransform":"none","fontFamily":"Figtree","fontStyle":"normal","fontWeight":"700","lineHeight":"1.2","path":"","letterSpacing":"0","name":"group header","fontVariantId":"700","fontSize":"12","fontId":"gfont-figtree"},"3ddfcedc-126f-80b8-8004-b4d6c1bdea10":{"textTransform":"none","fontFamily":"nasin-nanpa","fontStyle":"normal","fontWeight":"400","lineHeight":"1","path":"lemma","letterSpacing":"0","name":"LEMMA TERM SP-ALT","fontVariantId":"normal-400","fontSize":"12","fontId":"custom-3ddfcedc-126f-80b8-8004-b4d0c3234adf"},"e377aaba-3819-808b-8004-410715ae5ed4":{"textTransform":"none","fontFamily":"nasin-nanpa","fontStyle":"normal","fontWeight":"400","lineHeight":"1","path":"header","letterSpacing":"0","name":"HEADER SP","fontVariantId":"normal-400","fontSize":"11","fontId":"custom-3ddfcedc-126f-80b8-8004-b4d0c3234adf"},"3ddfcedc-126f-80b8-8004-b4d6a1675278":{"textTransform":"none","fontFamily":"Figtree","fontStyle":"normal","fontWeight":"400","lineHeight":"1","path":"lemma","letterSpacing":"0","name":"lemma meaning","fontVariantId":"regular","fontSize":"9","fontId":"gfont-figtree"},"3ddfcedc-126f-80b8-8004-b4d692ead267":{"textTransform":"none","fontFamily":"Figtree","fontStyle":"normal","fontWeight":"700","lineHeight":"1","path":"lemma","letterSpacing":"0","name":"lemma term","fontVariantId":"700","fontSize":"12","fontId":"gfont-figtree"},"3ddfcedc-126f-80b8-8004-b4d66b3252ee":{"textTransform":"none","fontFamily":"nasin-nanpa","fontStyle":"normal","fontWeight":"400","lineHeight":"1","path":"lemma","letterSpacing":"0","name":"LEMMA SP","fontVariantId":"normal-400","fontSize":"23","fontId":"custom-3ddfcedc-126f-80b8-8004-b4d0c3234adf"}}