{"e377aaba-3819-808b-8004-4109455d4ea1":{"name":"Base","color":"#eff1f5","opacity":1,"path":"Catppuccin Latte"},"e377aaba-3819-808b-8004-4108229d5aa7":{"name":"Green","color":"#4ea01f","opacity":1,"path":"Catppuccin Latte"},"e377aaba-3819-808b-8004-410817c7949f":{"name":"Yellow","color":"#d88d00","opacity":1,"path":"Catppuccin Latte"},"e377aaba-3819-808b-8004-410929d64552":{"name":"Surface0","color":"#cdd0da","opacity":1,"path":"Catppuccin Latte"},"e377aaba-3819-808b-8004-4108586fd936":{"name":"Blue","color":"#3468f9","opacity":1,"path":"Catppuccin Latte"},"e377aaba-3819-808b-8004-4107ec58fc17":{"name":"Mauve","color":"#863bf3","opacity":1,"path":"Catppuccin Latte"},"e377aaba-3819-808b-8004-4107f6f4f052":{"name":"Red","color":"#c90636","opacity":1,"path":"Catppuccin Latte"},"e377aaba-3819-808b-8004-410802a97c7e":{"name":"Maroon","color":"#dd4350","opacity":1,"path":"Catppuccin Latte"},"e377aaba-3819-808b-8004-41084118c4c3":{"name":"Sky","color":"#39a5e6","opacity":1,"path":"Catppuccin Latte"},"e377aaba-3819-808b-8004-4107ddaf6735":{"name":"Pink","color":"#e376cd","opacity":1,"path":"Catppuccin Latte"},"e377aaba-3819-808b-8004-410961eaac56":{"name":"Crust","color":"#dce0e8","opacity":1,"path":"Catppuccin Latte"},"e377aaba-3819-808b-8004-4109184a1e6c":{"name":"Surface1","color":"#bdc0cc","opacity":1,"path":"Catppuccin Latte"},"e377aaba-3819-808b-8004-41080dea180a":{"name":"Peach","color":"#f46200","opacity":1,"path":"Catppuccin Latte"},"e377aaba-3819-808b-8004-4108be8121ec":{"name":"Subtext0","color":"#6d6f86","opacity":1,"path":"Catppuccin Latte"},"e377aaba-3819-808b-8004-4108fd84f84b":{"name":"Overlay0","color":"#9da0b1","opacity":1,"path":"Catppuccin Latte"},"e377aaba-3819-808b-8004-41084d61ea42":{"name":"Sapphire","color":"#3e9fb6","opacity":1,"path":"Catppuccin Latte"},"e377aaba-3819-808b-8004-41089bbc036a":{"name":"Text","color":"#4d4f6a","opacity":1,"path":"Catppuccin Latte"},"e377aaba-3819-808b-8004-4108d02f0db1":{"name":"Overlay2","color":"#7b7d92","opacity":1,"path":"Catppuccin Latte"},"e377aaba-3819-808b-8004-4107ae96166e":{"name":"Flamingo","color":"#d67777","opacity":1,"path":"Catppuccin Latte"},"e377aaba-3819-808b-8004-41086300e7a1":{"name":"Lavender","color":"#7788ff","opacity":1,"path":"Catppuccin Latte"},"e377aaba-3819-808b-8004-41090b0b7ac3":{"name":"Surface2","color":"#adb0bf","opacity":1,"path":"Catppuccin Latte"},"e377aaba-3819-808b-8004-410838678631":{"name":"Teal","color":"#35929a","opacity":1,"path":"Catppuccin Latte"},"e377aaba-3819-808b-8004-4108ed34df90":{"name":"Overlay1","color":"#8d8fa2","opacity":1,"path":"Catppuccin Latte"},"e377aaba-3819-808b-8004-4107a4058dea":{"name":"Rosewater","color":"#d68976","opacity":1,"path":"Catppuccin Latte"},"e377aaba-3819-808b-8004-4108ad11fb88":{"name":"Subtext1","color":"#5d5f78","opacity":1,"path":"Catppuccin Latte"},"e377aaba-3819-808b-8004-4109572c76cf":{"name":"Mantle","color":"#e6e9ef","opacity":1,"path":"Catppuccin Latte"}}