{"e377aaba-3819-808b-8004-410715ae5ed4":{"textTransform":"none","fontFamily":"nasin-nanpa","fontStyle":"normal","fontWeight":"400","lineHeight":"1","path":"","letterSpacing":"0","name":"nasin nanpa","fontVariantId":"normal-400","fontSize":"11","fontId":"custom-a96e999c-925e-804b-8004-40f6b57fb54a"},"78473b31-e6c7-8072-8004-435ea095ac35":{"textTransform":"none","fontFamily":"sourcesanspro","fontStyle":"normal","fontWeight":"400","lineHeight":"1.2","letterSpacing":"0","name":"Source Sans Pro Regular","fontVariantId":"regular","fontSize":"14","fontId":"sourcesanspro"},"78473b31-e6c7-8072-8004-435f67297abe":{"textTransform":"none","fontFamily":"Figtree","fontStyle":"normal","fontWeight":"700","lineHeight":"1.2","path":"","letterSpacing":"0","name":"Figtree 700","fontVariantId":"700","fontSize":"11","fontId":"gfont-figtree"},"78473b31-e6c7-8072-8004-437a3fc0a4c5":{"textTransform":"none","fontFamily":"Figtree","fontStyle":"normal","fontWeight":"400","lineHeight":"1.2","letterSpacing":"0","name":"Figtree Regular","fontVariantId":"regular","fontSize":"9","fontId":"gfont-figtree"}}